{
  "static": {
    "precision": 1.0,
    "recall": 0.4166666666666667,
    "f1_score": 0.5882352941176471,
    "ttd_steps": 12
  },
  "3_sigma": {
    "precision": 0.5833333333333334,
    "recall": 0.5833333333333334,
    "f1_score": 0.5833333333333334,
    "ttd_steps": 5
  },
  "hybrid": {
    "precision": 0.6875,
    "recall": 0.9166666666666666,
    "f1_score": 0.7857142857142857,
    "ttd_steps": 5
  }
}